{
	"credit": "Made with Blockbench",
	"parent": "builtin/entity",
	"textures": {
		"particle": "block/soul_sand"
	},
	"elements": [
		{
			"from": [4, 0, 4],
			"to": [12, 8, 12],
			"rotation": {"angle": 0, "axis": "y", "origin": [4, 8, 12]},
			"color": 4,
			"faces": {
				"north": {"uv": [6, 2, 8, 4], "texture": "#missing"},
				"east": {"uv": [4, 2, 6, 4], "texture": "#missing"},
				"south": {"uv": [2, 2, 4, 4], "texture": "#missing"},
				"west": {"uv": [0, 2, 2, 4], "texture": "#missing"},
				"up": {"uv": [2, 0, 4, 2], "rotation": 90, "texture": "#missing"},
				"down": {"uv": [0, 0, 8, 8], "rotation": 270, "texture": "#missing"}
			}
		},
		{
			"from": [12, 0, 4],
			"to": [13, 8, 12],
			"rotation": {"angle": 0, "axis": "y", "origin": [20, 8, 4]},
			"color": 5,
			"faces": {
				"north": {"uv": [6, 2, 6.25, 2.25], "texture": "#missing"},
				"east": {"uv": [6, 2, 6.25, 2.25], "texture": "#missing"},
				"south": {"uv": [6, 2, 6.25, 2.25], "texture": "#missing"},
				"west": {"uv": [0, 0, 8, 8], "texture": "#missing"},
				"up": {"uv": [6, 2, 6.25, 2.25], "rotation": 270, "texture": "#missing"},
				"down": {"uv": [0, 0, 8, 1], "rotation": 90, "texture": "#missing"}
			}
		},
		{
			"from": [4, -1, 4],
			"to": [13, 0, 12],
			"rotation": {"angle": 0, "axis": "z", "origin": [4, 7, 4]},
			"color": 4,
			"faces": {
				"north": {"uv": [6, 2, 6.25, 2.25], "rotation": 90, "texture": "#missing"},
				"east": {"uv": [6, 2, 6.25, 2.25], "texture": "#missing"},
				"south": {"uv": [6, 2, 6.25, 2.25], "rotation": 270, "texture": "#missing"},
				"west": {"uv": [6, 2, 6.25, 2.25], "rotation": 180, "texture": "#missing"},
				"up": {"uv": [0, 0, 8, 9], "rotation": 270, "texture": "#missing"},
				"down": {"uv": [6, 2, 6.25, 2.25], "rotation": 270, "texture": "#missing"}
			}
		}
	],
	"gui_light": "front",
	"display": {
		"thirdperson_righthand": {
			"rotation": [90, -180, 0],
			"translation": [0, 0, 2.25],
			"scale": [0.55, 0.55, 0.08]
		},
		"thirdperson_lefthand": {
			"rotation": [90, -180, 0],
			"translation": [0, 0, 2.25],
			"scale": [0.55, 0.55, 0.08]
		},
		"firstperson_righthand": {
			"rotation": [0, -180, 0],
			"translation": [0, 6.5, 0],
			"scale": [1, 1, 0.03]
		},
		"firstperson_lefthand": {
			"rotation": [0, -180, 0],
			"translation": [0, 6.5, 0],
			"scale": [1, 1, 0.03]
		},
		"ground": {
			"translation": [0, 3, 0],
			"scale": [0.5, 0.5, 0.04]
		},
		"gui": {
			"translation": [0, 4.25, 0],
			"scale": [1, 1, 0.1]
		},
		"fixed": {
			"rotation": [0, 180, 0],
			"translation": [0, 4, 0],
			"scale": [1, 1, 0.24]
		}
	}
}