{
	"format_version": "1.12.0",
	"minecraft:geometry": [
		{
			"description": {
				"identifier": "geometry.the_nameless_one",
				"texture_width": 64,
				"texture_height": 64,
				"visible_bounds_width": 3,
				"visible_bounds_height": 4,
				"visible_bounds_offset": [0, 1, 0]
			},
			"bones": [
				{
					"name": "body",
					"pivot": [0, 24, 0],
					"mirror": true,
					"cubes": [
						{"origin": [-4, 12, -2], "size": [8, 12, 4], "uv": [0, 40]},
						{"origin": [-4, 2, -2], "size": [8, 12, 4], "uv": [0, 24]},
						{"origin": [-4, 12, -2], "size": [8, 12, 4], "uv": [24, 24]}
					]
				},
				{
					"name": "head",
					"pivot": [0, 24, 0],
					"mirror": true,
					"cubes": [
						{"origin": [-4, 24.1, -4], "size": [8, 8, 8], "uv": [0, 0]},
						{"origin": [-4.1, 29, -4.1], "size": [8.2, 8, 8.2], "uv": [32, 0]}
					]
				},
				{
					"name": "rightArm",
					"pivot": [5, 22, 0],
					"mirror": true,
					"cubes": [
						{"origin": [5, 13, -1], "size": [2, 12, 2], "uv": [32, 42]},
						{"origin": [12, 22, 3], "size": [6, 5, 5], "pivot": [8, 3, 7], "rotation": [0, 90, 0], "uv": [0, 17]},
						{"origin": [-1, 22, 3], "size": [6, 5, 5], "pivot": [-5, 3, 7], "rotation": [0, 90, 0], "uv": [22, 17]}
					]
				},
				{
					"name": "leftArm",
					"pivot": [-5, 22, 0],
					"mirror": true,
					"cubes": [
						{"origin": [-7, 12, -1], "size": [2, 12, 2], "uv": [24, 42], "mirror": false}
					]
				},
				{
					"name": "rightLeg",
					"pivot": [2, 12, 0],
					"mirror": true
				},
				{
					"name": "leftLeg",
					"pivot": [-2, 12, 0],
					"mirror": true
				}
			]
		}
	]
}