{
  /* NEW DEVICE DETECTORS(old ones are still useable)*/
  "$is_java": {},
  "$is_android": "(not $ios and not $win10_edition and not $console_edition and not $is_console and not $nx_os and not $is_ps4)",
  "$is_ios": "($ios and not $win10_edition and not $console_edition and not $is_console and not $nx_os and not $is_ps4)",
  "$is_xbox": "$console_edition",
  "$is_switch": "$nx_os",
  "$is_windows_10": "$win10_edition",
  "$is_overall_console": "($is_console and $console_edition and $nx_os and $is_ps4)",
  "$is_overall_phone": "(not $win10_edition and not $console_edition and not $is_console and not $nx_os and not $is_ps4 and not $firetv_edition)",
  "$is_overall_pc": "$win10_edition", /*It is left here for if linux and mac get bedrock*/

  /*NEW CONTROLLER DETECTORS(old ones are also useable)*/
  "$gamepad_controls": "$game_pad",
  "$touch_controls": "$using_touch",
  "$keyboard_controlls": "(not $using_touch and not $game_pad)",

  /*PACK MODE DETECTORS(specify by chosen mode)*/
  "$is_vanilla": false,
  "$is_plastic": false
}