{
  "icon_base": {
    "type": "image",
    "size": "$block_size",
    "$block_size|default": [ 16, 16 ],
    "layer": 1,
    "variables": [
      {
        "requires": "($pocket_screen and (not $small_blocks))",
        "$block_size": [ 26, 26 ]
      }
    ]
  },
  "block_shading@common.icon_base": {
    "texture": "$block_shading",
    "$block_shading|default": "textures/gui/icon_shading",
    "layer": 1,
    "ignored": false,
    "variables": [
      {
        "requires": "($pocket_screen and (not $small_blocks))",
        "$block_shading": "$block_shading_large",
        "$block_size": [ 26, 26 ]
      }
    ]
  },
  "inventory_selected_icon@common.item_renderer": {
    "size": [ 16, 16 ],
    "offset": [ 0, 0 ],
    "controls": [
      {
        "item_icon@common.item_icon": {},
      }
    ]
  }
}