{
  "game": {
    "event_name" : "music.game",
    "min_delay": 0,
    "max_delay": 0
  },
  "water": {
    "event_name": "music.game.water",
    "min_delay": 10,
    "max_delay": 20
  },
  "creative": {
    "event_name" : "music.game.creative",
    "min_delay": 60,
    "max_delay": 180
  },
  "end": {
    "event_name" : "music.game.end",
    "min_delay": 60,
    "max_delay": 180
  },
  "endboss": {
    "event_name" : "music.game.endboss",
    "min_delay": 60,
    "max_delay": 180
  },
  "nether": {
    "event_name" : "music.game.nether",
    "min_delay": 60,
    "max_delay": 180
  },
  "credits": {
    "event_name" : "music.game.credits",
    "min_delay": 0,
    "max_delay": 0
  },
  "menu": {
    "event_name" : "music.menu",
    "min_delay": 0,
    "max_delay": 30 
  }
}